<?xml version="1.0" encoding="UTF-8"?>
<beans:beans xmlns="http://www.springframework.org/schema/mvc"
	xmlns:xsi="http://www.w3.org/2001/XMLSchema-instance"
	xmlns:beans="http://www.springframework.org/schema/beans"
	xmlns:context="http://www.springframework.org/schema/context"
	xsi:schemaLocation="http://www.springframework.org/schema/mvc http://www.springframework.org/schema/mvc/spring-mvc.xsd
		http://www.springframework.org/schema/beans http://www.springframework.org/schema/beans/spring-beans.xsd
		http://www.springframework.org/schema/context http://www.springframework.org/schema/context/spring-context.xsd">
		
		<!-- viewResolver -->
		<!-- 확장자와 contentType 을 연결해 준다. -->
		<beans:bean
		class="org.springframework.web.servlet.view.ContentNegotiatingViewResolver">
		<beans:property name="mediaTypes">
			<beans:map>
				<beans:entry key="atom" value="application/atom+xml" />
				<beans:entry key="html" value="text/html" />
				<beans:entry key="json" value="application/json" />
			</beans:map>
		</beans:property>
		<beans:property name="viewResolvers">
			<beans:list>
				
				<beans:bean
					class="org.springframework.web.servlet.view.InternalResourceViewResolver">
					<beans:property name="prefix" value="/WEB-INF/views/" />
					<beans:property name="suffix" value=".jsp" />
				</beans:bean>
			</beans:list>
		</beans:property>
		<!-- 위의 viewResolvers 에 의해 view를 얻지 못했을 경우에 사용되는 view -->
		<beans:property name="defaultViews">
			<beans:list>
				<beans:bean
					class="org.springframework.web.servlet.view.json.MappingJacksonJsonView" />
			</beans:list>
		</beans:property>
		<beans:property name="defaultContentType" value="application/json" />
	</beans:bean>
		
</beans:beans>